"","","","","","",""
"Event ID","LGA","Start Date","Start Time","Customers Interrupted","Ave Dur. (min)","Reason"
"2033350","WARRINGAH","1/10/2023","1:10 AM","1405","144","Environmental"
"2033374","LEICHHARDT","1/10/2023","10:10 AM","68","432","Equipment fault"
"2033405","HORNSBY","1/10/2023","16:10 PM","57","220","Environmental"
"2033433","LAKE MACQUARIE","1/10/2023","16:10 PM","500","96","Environmental"
"2033482","SUTHERLAND","1/10/2023","21:10 PM","60","124","Environmental"
"2033497","HURSTVILLE","1/10/2023","22:10 PM","218","203","Environmental"
"2033501","CANTERBURY","1/10/2023","22:10 PM","1135","112","Environmental"
"2033519","BANKSTOWN","1/10/2023","23:10 PM","979","111","Environmental"
"2033540","SUTHERLAND","1/10/2023","23:10 PM","59","852","Environmental"
"2033511","LEICHHARDT","1/10/2023","23:10 PM","100","57","Environmental"
"2033550","NEWCASTLE","2/10/2023","5:10 AM","77","29","Equipment fault"
"2033598","HORNSBY","2/10/2023","11:10 AM","78","393","Environmental"
"2033674","SINGLETON","2/10/2023","20:10 PM","348","40","Equipment fault"
"2033678","GOSFORD","2/10/2023","20:10 PM","97","179","Equipment fault"
"2033689","ASHFIELD","3/10/2023","2:10 AM","1575","138","Equipment fault"
"2033864","LAKE MACQUARIE","3/10/2023","20:10 PM","1341","34","Environmental"
"2033942","CESSNOCK","3/10/2023","22:10 PM","66","605","Equipment fault"
"2033876","LAKE MACQUARIE","4/10/2023","5:10 AM","338","430","Equipment fault"
"2033905","BANKSTOWN","4/10/2023","7:10 AM","1052","136","Environmental"
"2034111","SINGLETON","4/10/2023","19:10 PM","280","159","Environmental"
"2034109","NEWCASTLE","4/10/2023","20:10 PM","147","681","Third party"
"2034133","WYONG","4/10/2023","20:10 PM","81","619","Environmental"
"2034135","WYONG","4/10/2023","20:10 PM","1365","104","Environmental"
"2034140","LAKE MACQUARIE","4/10/2023","21:10 PM","1223","55","Environmental"
"2034143","WILLOUGHBY","4/10/2023","22:10 PM","2774","57","Environmental"
"2034125","WYONG","5/10/2023","1:10 AM","69","705","Environmental"
"2034178","WYONG","5/10/2023","2:10 AM","1365","136","Environmental"
"2034232","NEWCASTLE","5/10/2023","11:10 AM","192","760","Third party"
"2034378","LEICHHARDT","5/10/2023","14:10 PM","954","106","Equipment fault"
"2034464","BANKSTOWN","6/10/2023","3:10 AM","2287","91","Equipment fault"
"2034527","WARRINGAH","6/10/2023","11:10 AM","4350","111","Equipment fault"
"2034574","RANDWICK","6/10/2023","14:10 PM","54","338","Equipment fault"
"2034616","BANKSTOWN","6/10/2023","17:10 PM","66","101","Equipment fault"
"2034624","SOUTH SYDNEY","6/10/2023","18:10 PM","92","190","Environmental"
"2034641","MARRICKVILLE","6/10/2023","21:10 PM","78","180","Equipment fault"
"2034688","NORTH SYDNEY","7/10/2023","11:10 AM","736","95","Cable dig"
"2034709","NEWCASTLE","7/10/2023","15:10 PM","1687","41","Equipment fault"
"2034746","SOUTH SYDNEY","8/10/2023","0:10 AM","129","310","Environmental"
"2034755","GOSFORD","8/10/2023","2:10 AM","957","21","Environmental"
"2034760","CANTERBURY","8/10/2023","7:10 AM","54","196","Environmental"
"2034788","BANKSTOWN","8/10/2023","11:10 AM","56","65","Equipment fault"
"2034805","CANTERBURY","8/10/2023","14:10 PM","112","184","Environmental"
"2034794","MAITLAND","8/10/2023","15:10 PM","86","217","Vandalism"
"2034774","PITTWATER","8/10/2023","17:10 PM","65","56","Equipment fault"
"2034819","BANKSTOWN","8/10/2023","19:10 PM","486","28","Equipment fault"
"2035045","NEWCASTLE","10/10/2023","0:10 AM","133","623","Equipment fault"
"2035036","BURWOOD","10/10/2023","0:10 AM","1326","103","Equipment fault"
"2035040","CESSNOCK","10/10/2023","3:10 AM","54","418","Third party"
"2035162","MAITLAND","10/10/2023","13:10 PM","86","48","Vandalism"
"2035163","RANDWICK","10/10/2023","13:10 PM","124","320","Equipment fault"
"2035232","NEWCASTLE","10/10/2023","18:10 PM","54","69","Equipment fault"
"2035269","CANTERBURY","11/10/2023","7:10 AM","1363","61","Environmental"
"2035255","LAKE MACQUARIE","11/10/2023","11:10 AM","93","298","Third party"
"2035309","LAKE MACQUARIE","11/10/2023","11:10 AM","59","212","Third party"
"2035369","SUTHERLAND","11/10/2023","16:10 PM","52","55","Equipment fault"
"2035373","HORNSBY","11/10/2023","16:10 PM","1299","113","Equipment fault"
"2035439","MOSMAN","12/10/2023","7:10 AM","92","179","Third party"
"2035581","NEWCASTLE","12/10/2023","17:10 PM","123","28","Equipment fault"
"2035616","MARRICKVILLE","12/10/2023","20:10 PM","297","34","Equipment fault"
"2035625","HURSTVILLE","12/10/2023","20:10 PM","1413","135","Environmental"
"2035629","WYONG","12/10/2023","20:10 PM","103","230","Environmental"
"2035653","HORNSBY","12/10/2023","22:10 PM","670","70","Environmental"
"2035652","RYDE","12/10/2023","22:10 PM","84","210","Environmental"
"2035655","KU-RING-GAI","12/10/2023","22:10 PM","51","760","Environmental"
"2035678","PORT STEPHENS","13/10/2023","2:10 AM","687","11","Equipment fault"
"2035746","RANDWICK","13/10/2023","10:10 AM","278","148","Equipment fault"
"2035736","GOSFORD","13/10/2023","11:10 AM","117","120","Equipment fault"
"2035833","KU-RING-GAI","13/10/2023","19:10 PM","819","67","Environmental"
"2035835","WARRINGAH","13/10/2023","19:10 PM","1227","108","Environmental"
"2035841","GOSFORD","13/10/2023","21:10 PM","61","77","Environmental"
"2035861","WYONG","14/10/2023","9:10 AM","90","210","Equipment fault"
"2035888","GOSFORD","14/10/2023","10:10 AM","60","260","Environmental"
"2035904","ROCKDALE","14/10/2023","15:10 PM","74","126","Environmental"
"2035940","SYDNEY","15/10/2023","1:10 AM","56","827","Environmental"
"2035947","LAKE MACQUARIE","15/10/2023","3:10 AM","667","73","Environmental"
"2035952","AUBURN","15/10/2023","6:10 AM","529","95","Equipment fault"
"2035981","HURSTVILLE","15/10/2023","14:10 PM","54","393","Equipment fault"
"2035997","HURSTVILLE","15/10/2023","15:10 PM","79","644","Equipment fault"
"2036039","HORNSBY","15/10/2023","20:10 PM","1985","161","Environmental"
"2036193","BANKSTOWN","16/10/2023","13:10 PM","135","436","Environmental"
"2036239","HURSTVILLE","16/10/2023","15:10 PM","853","39","Equipment fault"
"2036246","MARRICKVILLE","16/10/2023","15:10 PM","62","62","Environmental"
"2036247","CANTERBURY","16/10/2023","15:10 PM","65","116","Equipment fault"
"2036254","HORNSBY","16/10/2023","15:10 PM","433","139","Environmental"
"2036290","BANKSTOWN","16/10/2023","16:10 PM","1639","400","Environmental"
"2036302","HORNSBY","16/10/2023","16:10 PM","101","89","Environmental"
"2036307","WYONG","16/10/2023","16:10 PM","13501","70","Equipment fault"
"2036328","WYONG","16/10/2023","16:10 PM","103","190","Environmental"
"2036281","WILLOUGHBY","16/10/2023","16:10 PM","68","97","Equipment fault"
"2036389","NEWCASTLE","16/10/2023","17:10 PM","90","77","Environmental"
"2036367","PORT STEPHENS","16/10/2023","18:10 PM","51","20","Environmental"
"2036368","LAKE MACQUARIE","16/10/2023","18:10 PM","56","120","Environmental"
"2036462","MARRICKVILLE","16/10/2023","19:10 PM","2021","108","Equipment fault"
"2036618","LAKE MACQUARIE","17/10/2023","12:10 PM","497","314","Environmental"
"2036648","SOUTH SYDNEY","17/10/2023","13:10 PM","66","125","Environmental"
"2036698","MAITLAND","17/10/2023","18:10 PM","72","72","Vandalism"
"2036935","HORNSBY","18/10/2023","20:10 PM","1166","46","Environmental"
"2037068","RANDWICK","19/10/2023","16:10 PM","61","207","Equipment fault"
"2037206","RYDE","20/10/2023","12:10 PM","60","389","Third party"
"2037266","KU-RING-GAI","20/10/2023","18:10 PM","1073","106","Environmental"
"2037295","NORTH SYDNEY","21/10/2023","6:10 AM","101","158","Equipment fault"
"2037339","PORT STEPHENS","21/10/2023","10:10 AM","81","169","Environmental"
"2037384","CANTERBURY","21/10/2023","16:10 PM","3902","57","Equipment fault"
"2037493","HURSTVILLE","22/10/2023","10:10 AM","56","217","Environmental"
"2037522","KU-RING-GAI","22/10/2023","16:10 PM","1024","53","Equipment fault"
"2037526","SCONE","22/10/2023","16:10 PM","851","454","Environmental"
"2037512","LAKE MACQUARIE","22/10/2023","17:10 PM","62","84","Equipment fault"
"2037532","BANKSTOWN","22/10/2023","17:10 PM","56","182","Environmental"
"2037546","WYONG","22/10/2023","19:10 PM","68","52","Environmental"
"2037561","KU-RING-GAI","22/10/2023","22:10 PM","698","62","Environmental"
"2037637","PORT STEPHENS","23/10/2023","9:10 AM","2206","62","Third party"
"2037763","BANKSTOWN","23/10/2023","22:10 PM","1231","94","Equipment fault"
"2037867","SUTHERLAND","24/10/2023","13:10 PM","1240","76","Equipment fault"
"2037914","SOUTH SYDNEY","24/10/2023","15:10 PM","175","39","Equipment fault"
"2037933","CESSNOCK","24/10/2023","16:10 PM","412","564","Environmental"
"2037958","WARRINGAH","24/10/2023","17:10 PM","1259","37","Equipment fault"
"2037956","NEWCASTLE","24/10/2023","17:10 PM","65","72","Equipment fault"
"2037969","HURSTVILLE","24/10/2023","18:10 PM","83","111","Equipment fault"
"2037973","LANE COVE","24/10/2023","18:10 PM","56","59","Environmental"
"2038003","RANDWICK","24/10/2023","22:10 PM","68","175","Equipment fault"
"2038035","HORNSBY","25/10/2023","8:10 AM","63","567","Third party"
"2038075","WILLOUGHBY","25/10/2023","10:10 AM","239","63","Equipment fault"
"2038086","SYDNEY","25/10/2023","12:10 PM","96","514","Third party"
"2038195","MANLY","25/10/2023","21:10 PM","80","86","Environmental"
"2038197","PORT STEPHENS","26/10/2023","0:10 AM","1655","99","Equipment fault"
"2038222","WYONG","26/10/2023","7:10 AM","772","13","Environmental"
"2038271","BANKSTOWN","26/10/2023","10:10 AM","53","258","Third party"
"2038343","WOOLLAHRA","26/10/2023","14:10 PM","53","63","Environmental"
"2038401","HURSTVILLE","26/10/2023","17:10 PM","71","159","Environmental"
"2038426","CANTERBURY","26/10/2023","21:10 PM","1525","67","Environmental"
"2038437","GOSFORD","27/10/2023","0:10 AM","1519","92","Environmental"
"2038483","SOUTH SYDNEY","27/10/2023","8:10 AM","61","172","Environmental"
"2038436","CANTERBURY","27/10/2023","9:10 AM","84","56","Environmental"
"2038500","SUTHERLAND","27/10/2023","9:10 AM","59","135","Environmental"
"2038503","WOOLLAHRA","27/10/2023","9:10 AM","53","224","Environmental"
"2038516","GOSFORD","27/10/2023","10:10 AM","853","100","Environmental"
"2038528","GOSFORD","27/10/2023","11:10 AM","54","318","Environmental"
"2038587","GOSFORD","27/10/2023","14:10 PM","1296","25","Environmental"
"2038585","PORT STEPHENS","27/10/2023","15:10 PM","79","205","Equipment fault"
"2038590","RANDWICK","27/10/2023","15:10 PM","84","180","Environmental"
"2038652","WYONG","27/10/2023","19:10 PM","103","150","Environmental"
"2038675","RYDE","28/10/2023","1:10 AM","242","60","Equipment fault"
"2038725","SOUTH SYDNEY","28/10/2023","12:10 PM","93","460","Equipment fault"
"2038687","SUTHERLAND","28/10/2023","15:10 PM","61","133","Equipment fault"
"2038775","WARRINGAH","28/10/2023","18:10 PM","70","45","Equipment fault"
"2038781","MARRICKVILLE","28/10/2023","19:10 PM","83","96","Equipment fault"
"2038834","WYONG","29/10/2023","15:10 PM","52","75","Equipment fault"
"2038850","RYDE","29/10/2023","17:10 PM","66","449","Equipment fault"
"2038876","GOSFORD","30/10/2023","2:10 AM","606","137","Environmental"
"2038907","WAVERLEY","30/10/2023","8:10 AM","67","20","Environmental"
"2039047","GOSFORD","30/10/2023","16:10 PM","169","1,104","Environmental"
"2039092","SUTHERLAND","31/10/2023","3:10 AM","58","278","Environmental"
"2039093","SUTHERLAND","31/10/2023","3:10 AM","59","231","Environmental"
"2041164","HURSTVILLE","31/10/2023","4:10 AM","586","726","Environmental"
"2039104","HURSTVILLE","31/10/2023","4:10 AM","1113","344","Equipment fault"
"2039105","ROCKDALE","31/10/2023","4:10 AM","65","585","Environmental"
"2039118","SUTHERLAND","31/10/2023","4:10 AM","876","159","Environmental"
"2039163","HURSTVILLE","31/10/2023","7:10 AM","204","307","Equipment fault"
"2039172","SUTHERLAND","31/10/2023","7:10 AM","62","386","Environmental"
"2039150","SUTHERLAND","31/10/2023","7:10 AM","66","145","Environmental"
"2039278","ROCKDALE","31/10/2023","11:10 AM","94","343","Equipment fault"
"2039283","WYONG","31/10/2023","11:10 AM","120","302","Equipment fault"
"2039288","BANKSTOWN","31/10/2023","11:10 AM","67","89","Environmental"
"2039299","LEICHHARDT","31/10/2023","12:10 PM","100","95","Environmental"
"2039305","SOUTH SYDNEY","31/10/2023","12:10 PM","1700","56","Cable dig"
"2039392","KU-RING-GAI","31/10/2023","16:10 PM","890","42","Environmental"
"2039625","MAITLAND","1/11/2023","16:11 PM","57","176","Equipment fault"
"2039654","PITTWATER","1/11/2023","18:11 PM","89","46","Equipment fault"
"2039658","HURSTVILLE","1/11/2023","19:11 PM","2217","61","Equipment fault"
"2039669","WYONG","1/11/2023","20:11 PM","107","5","Environmental"
"2039666","HORNSBY","1/11/2023","20:11 PM","101","44","Environmental"
"2039722","SOUTH SYDNEY","2/11/2023","10:11 AM","67","858","Cable dig"
"2039697","WYONG","2/11/2023","11:11 AM","168","45","Environmental"
"2039760","SUTHERLAND","2/11/2023","12:11 PM","55","164","Environmental"
"2039820","MARRICKVILLE","2/11/2023","15:11 PM","61","45","Equipment fault"
"2039868","ROCKDALE","2/11/2023","20:11 PM","58","318","Customer installation"
"2039876","WARRINGAH","2/11/2023","22:11 PM","52","84","Environmental"
"2040037","MUSWELLBROOK","3/11/2023","17:11 PM","176","158","Equipment fault"
"2040062","NEWCASTLE","3/11/2023","23:11 PM","2123","82","Environmental"
"2040076","MANLY","4/11/2023","2:11 AM","2072","69","Environmental"
"2040126","LANE COVE","4/11/2023","11:11 AM","57","352","Third party"
"2040212","LAKE MACQUARIE","5/11/2023","2:11 AM","78","140","Equipment fault"
"2040217","HORNSBY","5/11/2023","3:11 AM","51","342","Environmental"
"2040219","BANKSTOWN","5/11/2023","3:11 AM","1682","195","Environmental"
"2040222","GOSFORD","5/11/2023","5:11 AM","1102","111","Environmental"
"2040296","RANDWICK","5/11/2023","12:11 PM","226","228","Third party"
"2040379","WARRINGAH","5/11/2023","23:11 PM","62","113","Environmental"
"2040361","LANE COVE","6/11/2023","1:11 AM","129","170","Equipment fault"
"2040449","WARRINGAH","6/11/2023","10:11 AM","62","149","Customer installation"
"2040419","CANTERBURY","6/11/2023","11:11 AM","123","170","Equipment fault"
"2040520","WOOLLAHRA","6/11/2023","12:11 PM","54","917","Equipment fault"
"2040621","CANTERBURY","6/11/2023","21:11 PM","57","117","Equipment fault"
"2040824","HUNTERS HILL","7/11/2023","21:11 PM","1222","41","Equipment fault"
"2040869","BANKSTOWN","8/11/2023","10:11 AM","582","105","Third party"
"2040905","SOUTH SYDNEY","8/11/2023","12:11 PM","55","185","Equipment fault"
"2040958","GOSFORD","8/11/2023","16:11 PM","97","7","Environmental"
"2040976","SINGLETON","8/11/2023","16:11 PM","97","173","Environmental"
"2041013","RYDE","8/11/2023","21:11 PM","67","55","Equipment fault"
"2040884","MARRICKVILLE","9/11/2023","0:11 AM","110","80","Equipment fault"
"2041021","MOSMAN","9/11/2023","3:11 AM","57","294","Third party"
"2041026","PITTWATER","9/11/2023","4:11 AM","1029","70","Environmental"
"2041111","LAKE MACQUARIE","9/11/2023","11:11 AM","296","57","Third party"
"2041189","GOSFORD","9/11/2023","15:11 PM","318","145","Environmental"
"2041193","GOSFORD","9/11/2023","15:11 PM","120","237","Environmental"
"2041198","BANKSTOWN","9/11/2023","15:11 PM","4639","78","Lightning"
"2041202","MERRIWA","9/11/2023","15:11 PM","204","101","Equipment fault"
"2041204","BANKSTOWN","9/11/2023","15:11 PM","100","217","Equipment fault"
"2041214","WYONG","9/11/2023","16:11 PM","395","90","Environmental"
"2041223","SINGLETON","9/11/2023","16:11 PM","54","120","Lightning"
"2041229","LANE COVE","9/11/2023","16:11 PM","1595","66","Lightning"
"2041250","HORNSBY","9/11/2023","16:11 PM","1285","64","Environmental"
"2041260","MERRIWA","9/11/2023","16:11 PM","138","245","Equipment fault"
"2041263","PORT STEPHENS","9/11/2023","17:11 PM","401","201","Equipment fault"
"2041284","NEWCASTLE","9/11/2023","17:11 PM","114","86","Environmental"
"2041292","MARRICKVILLE","9/11/2023","17:11 PM","139","108","Environmental"
"2041398","HURSTVILLE","10/11/2023","7:11 AM","1028","127","Third party"
"2041362","LAKE MACQUARIE","10/11/2023","13:11 PM","203","328","Equipment fault"
"2041612","RANDWICK","10/11/2023","19:11 PM","60","842","Equipment fault"
"2041614","NEWCASTLE","10/11/2023","19:11 PM","539","73","Environmental"
"2041646","SUTHERLAND","11/11/2023","4:11 AM","376","232","Environmental"
"2041678","MARRICKVILLE","11/11/2023","10:11 AM","188","485","Equipment fault"
"2041694","RANDWICK","11/11/2023","12:11 PM","62","381","Equipment fault"
"2041736","PITTWATER","11/11/2023","18:11 PM","51","70","Environmental"
"2041788","LAKE MACQUARIE","11/11/2023","23:11 PM","1229","36","Environmental"
"2041934","MERRIWA","13/11/2023","10:11 AM","251","97","Equipment fault"
"2042084","AUBURN","13/11/2023","21:11 PM","59","122","Third party"
"2042112","BANKSTOWN","14/11/2023","7:11 AM","160","91","Equipment fault"
"2042266","DRUMMOYNE","14/11/2023","18:11 PM","64","100","Environmental"
"2042275","PORT STEPHENS","14/11/2023","20:11 PM","3688","10","Equipment fault"
"2042296","HORNSBY","15/11/2023","2:11 AM","1165","65","Equipment fault"
"2042343","LANE COVE","15/11/2023","10:11 AM","1894","192","Equipment fault"
"2042384","LAKE MACQUARIE","15/11/2023","13:11 PM","90","67","Third party"
"2042485","SINGLETON","16/11/2023","7:11 AM","333","57","Equipment fault"
"2042538","MERRIWA","16/11/2023","13:11 PM","108","23","Equipment fault"
"2042617","KU-RING-GAI","16/11/2023","15:11 PM","706","68","Equipment fault"
"2042679","ROCKDALE","16/11/2023","22:11 PM","8426","40","Environmental"
"2042719","WYONG","17/11/2023","3:11 AM","1116","134","Environmental"
"2042787","WYONG","17/11/2023","9:11 AM","448","27","Environmental"
"2042864","ASHFIELD","17/11/2023","14:11 PM","68","40","Environmental"
"2042913","WYONG","17/11/2023","22:11 PM","53","90","Equipment fault"
"2042928","PITTWATER","18/11/2023","3:11 AM","981","131","Equipment fault"
"2042963","MANLY","18/11/2023","9:11 AM","1401","9","Operating fault"
"2042984","AUBURN","18/11/2023","11:11 AM","158","390","Environmental"
"2043047","NORTH SYDNEY","19/11/2023","1:11 AM","1919","123","Equipment fault"
"2100673","HORNSBY","19/11/2023","4:11 AM","620","20","Environmental"
"2043073","CANTERBURY","19/11/2023","13:11 PM","2242","67","Equipment fault"
"2043097","NEWCASTLE","19/11/2023","14:11 PM","64","195","Equipment fault"
"2043082","PORT STEPHENS","19/11/2023","15:11 PM","688","2,017","Equipment fault"
"2043321","CANADA BAY","20/11/2023","13:11 PM","58","132","Third party"
"2043385","NEWCASTLE","20/11/2023","15:11 PM","123","67","Equipment fault"
"2043417","CANTERBURY","20/11/2023","17:11 PM","61","65","Environmental"
"2043447","NEWCASTLE","20/11/2023","20:11 PM","1174","35","Environmental"
"2047006","SUTHERLAND","21/11/2023","9:11 AM","56","22","Equipment fault"
"2047255","AUBURN","21/11/2023","10:11 AM","248","61","Equipment fault"
"2049263","AUBURN","21/11/2023","14:11 PM","66","652","Third party"
"2049383","LEICHHARDT","21/11/2023","22:11 PM","88","68","Environmental"
"2049391","MANLY","22/11/2023","2:11 AM","97","797","Equipment fault"
"2049620","GOSFORD","22/11/2023","14:11 PM","179","42","Environmental"
"2049629","BANKSTOWN","22/11/2023","14:11 PM","942","108","Equipment fault"
"2049656","SUTHERLAND","22/11/2023","16:11 PM","57","50","Environmental"
"2049837","MANLY","23/11/2023","18:11 PM","73","74","Environmental"
"2049852","MANLY","23/11/2023","19:11 PM","1760","83","Environmental"
"2049871","SUTHERLAND","23/11/2023","21:11 PM","66","161","Environmental"
"2049843","NEWCASTLE","23/11/2023","22:11 PM","56","107","Equipment fault"
"2049889","WOOLLAHRA","23/11/2023","23:11 PM","54","121","Environmental"
"2049898","GOSFORD","24/11/2023","2:11 AM","800","80","Equipment fault"
"2049911","CESSNOCK","24/11/2023","3:11 AM","2396","174","Environmental"
"2049916","SUTHERLAND","24/11/2023","5:11 AM","57","139","Environmental"
"2049912","GOSFORD","24/11/2023","6:11 AM","115","118","Equipment fault"
"2050021","SUTHERLAND","24/11/2023","12:11 PM","54","57","Environmental"
"2050046","HORNSBY","24/11/2023","14:11 PM","1347","145","Equipment fault"
"2049948","RYDE","24/11/2023","18:11 PM","66","6","Environmental"
"2050088","NORTH SYDNEY","24/11/2023","21:11 PM","100","758","Equipment fault"
"2050093","SYDNEY","24/11/2023","22:11 PM","66","234","Environmental"
"2050098","BANKSTOWN","25/11/2023","0:11 AM","1272","122","Equipment fault"
"2050183","GOSFORD","25/11/2023","15:11 PM","112","66","Environmental"
"2050169","KU-RING-GAI","25/11/2023","16:11 PM","73","120","Environmental"
"2050197","SOUTH SYDNEY","25/11/2023","16:11 PM","74","55","Environmental"
"2050232","GOSFORD","26/11/2023","0:11 AM","422","129","Equipment fault"
"2050273","SOUTH SYDNEY","26/11/2023","10:11 AM","93","308","Equipment fault"
"2050285","PORT STEPHENS","26/11/2023","12:11 PM","1347","90","Equipment fault"
"2050300","LANE COVE","26/11/2023","13:11 PM","1847","72","Equipment fault"
"2050309","CESSNOCK","26/11/2023","14:11 PM","97","217","Environmental"
"2050336","LAKE MACQUARIE","26/11/2023","19:11 PM","61","66","Equipment fault"
"2050259","RANDWICK","26/11/2023","21:11 PM","67","92","Equipment fault"
"2050654","SOUTH SYDNEY","28/11/2023","4:11 AM","694","50","Equipment fault"
"2050657","SOUTH SYDNEY","28/11/2023","6:11 AM","66","989","Equipment fault"
"2050679","RYDE","28/11/2023","10:11 AM","93","159","Third party"
"2050845","MARRICKVILLE","28/11/2023","15:11 PM","66","66","Equipment fault"
"2050885","GOSFORD","28/11/2023","19:11 PM","76","84","Environmental"
"2050939","ROCKDALE","29/11/2023","8:11 AM","94","165","Equipment fault"
"2051006","RYDE","29/11/2023","12:11 PM","76","64","Environmental"
"2051074","CANTERBURY","29/11/2023","15:11 PM","79","20","Environmental"
"2051092","SINGLETON","29/11/2023","15:11 PM","790","57","Environmental"
"2051094","SINGLETON","29/11/2023","15:11 PM","754","88","Environmental"
"2051097","SINGLETON","29/11/2023","15:11 PM","54","224","Lightning"
"2051130","HORNSBY","29/11/2023","16:11 PM","306","252","Equipment fault"
"2051129","SUTHERLAND","29/11/2023","16:11 PM","1240","116","Environmental"
"2051159","SUTHERLAND","29/11/2023","16:11 PM","1584","181","Environmental"
"2051271","KOGARAH","29/11/2023","16:11 PM","103","484","Environmental"
"2051150","SUTHERLAND","29/11/2023","16:11 PM","788","262","Equipment fault"
"2051115","HORNSBY","29/11/2023","16:11 PM","1088","93","Environmental"
"2051171","HURSTVILLE","29/11/2023","16:11 PM","1060","204","Lightning"
"2051175","CESSNOCK","29/11/2023","16:11 PM","2396","233","Environmental"
"2051170","SUTHERLAND","29/11/2023","16:11 PM","52","218","Environmental"
"2051188","LAKE MACQUARIE","29/11/2023","16:11 PM","1080","441","Environmental"
"2051207","LAKE MACQUARIE","29/11/2023","16:11 PM","587","272","Equipment fault"
"2051198","LAKE MACQUARIE","29/11/2023","16:11 PM","1916","292","Environmental"
"2051197","DRUMMOYNE","29/11/2023","16:11 PM","52","156","Environmental"
"2051246","LAKE MACQUARIE","29/11/2023","16:11 PM","523","212","Environmental"
"2051214","BANKSTOWN","29/11/2023","16:11 PM","72","80","Environmental"
"2051228","WYONG","29/11/2023","17:11 PM","897","55","Environmental"
"2051319","CANTERBURY","29/11/2023","17:11 PM","51","195","Third party"
"2051379","LAKE MACQUARIE","29/11/2023","17:11 PM","81","557","Equipment fault"
"2051359","HORNSBY","29/11/2023","17:11 PM","1289","133","Environmental"
"2051441","GOSFORD","29/11/2023","19:11 PM","306","104","Equipment fault"
"2051284","LAKE MACQUARIE","29/11/2023","19:11 PM","57","825","Environmental"
"2051504","ROCKDALE","29/11/2023","21:11 PM","647","120","Environmental"
"2051548","MUSWELLBROOK","30/11/2023","2:11 AM","1125","108","Environmental"
"2051591","HORNSBY","30/11/2023","6:11 AM","208","211","Equipment fault"
"2051738","BANKSTOWN","30/11/2023","11:11 AM","643","70","Equipment fault"
"2051808","KU-RING-GAI","30/11/2023","14:11 PM","57","202","Environmental"
"2052045","NORTH SYDNEY","30/11/2023","21:11 PM","103","731","Environmental"
"2052207","CESSNOCK","1/12/2023","16:12 PM","99","205","Equipment fault"
"2052263","SINGLETON","2/12/2023","0:12 AM","137","603","Environmental"
"2052252","CANTERBURY","2/12/2023","9:12 AM","86","485","Third party"
"2052315","SINGLETON","2/12/2023","11:12 AM","137","115","Equipment fault"
"2062116","SINGLETON","2/12/2023","15:12 PM","137","1,192","Equipment fault"
"2052370","BANKSTOWN","2/12/2023","21:12 PM","1130","166","Lightning"
"2052395","SUTHERLAND","3/12/2023","2:12 AM","58","75","Environmental"
"2052412","WILLOUGHBY","3/12/2023","5:12 AM","53","492","Equipment fault"
"2052490","LAKE MACQUARIE","3/12/2023","18:12 PM","77","68","Environmental"
"2052529","RANDWICK","3/12/2023","19:12 PM","2986","118","Equipment fault"
"2052535","LAKE MACQUARIE","3/12/2023","22:12 PM","190","7","Environmental"
"2052523","PORT STEPHENS","3/12/2023","23:12 PM","65","209","Equipment fault"
"2052561","MAITLAND","4/12/2023","5:12 AM","672","114","Environmental"
"2052912","MUSWELLBROOK","4/12/2023","6:12 AM","176","234","Environmental"
"2052705","NORTH SYDNEY","4/12/2023","12:12 PM","607","103","Cable dig"
"2052780","CANTERBURY","4/12/2023","16:12 PM","112","295","Third party"
"2052805","ROCKDALE","4/12/2023","20:12 PM","8424","45","Environmental"
"2052814","SUTHERLAND","4/12/2023","21:12 PM","1512","131","Equipment fault"
"2052829","MANLY","5/12/2023","0:12 AM","2073","78","Environmental"
"2052832","PITTWATER","5/12/2023","1:12 AM","77","88","Environmental"
"2052854","RANDWICK","5/12/2023","1:12 AM","51","644","Equipment fault"
"2052752","MARRICKVILLE","5/12/2023","11:12 AM","60","350","Environmental"
"2052941","DRUMMOYNE","5/12/2023","13:12 PM","55","209","Environmental"
"2053000","SUTHERLAND","5/12/2023","16:12 PM","58","126","Equipment fault"
"2053002","STRATHFIELD","5/12/2023","16:12 PM","101","315","Equipment fault"
"2053028","HURSTVILLE","5/12/2023","18:12 PM","57","87","Equipment fault"
"2053034","GOSFORD","5/12/2023","18:12 PM","1039","62","Environmental"
"2053081","LAKE MACQUARIE","6/12/2023","3:12 AM","755","47","Environmental"
"2053086","LAKE MACQUARIE","6/12/2023","4:12 AM","69","442","Environmental"
"2053363","RYDE","6/12/2023","16:12 PM","100","179","Equipment fault"
"2053520","HORNSBY","7/12/2023","12:12 PM","1046","92","Equipment fault"
"2053498","RYDE","7/12/2023","17:12 PM","55","45","Equipment fault"
"2053588","WARRINGAH","7/12/2023","18:12 PM","140","92","Environmental"
"2053606","GOSFORD","8/12/2023","2:12 AM","306","103","Environmental"
"2053656","ROCKDALE","8/12/2023","11:12 AM","2004","108","Equipment fault"
"2053664","BANKSTOWN","8/12/2023","11:12 AM","54","28","Equipment fault"
"2053722","GOSFORD","8/12/2023","15:12 PM","1014","20","Equipment fault"
"2053730","MUSWELLBROOK","8/12/2023","16:12 PM","255","103","Environmental"
"2053738","ASHFIELD","8/12/2023","16:12 PM","554","98","Equipment fault"
"2053748","MAITLAND","8/12/2023","17:12 PM","68","131","Equipment fault"
"2053753","HORNSBY","8/12/2023","17:12 PM","2164","140","Lightning"
"2053814","AUBURN","8/12/2023","22:12 PM","346","48","Environmental"
"2053797","CESSNOCK","8/12/2023","22:12 PM","96","75","Third party"
"2053823","RYDE","8/12/2023","22:12 PM","1889","93","Equipment fault"
"2053829","HURSTVILLE","8/12/2023","23:12 PM","1364","90","Environmental"
"2053835","NORTH SYDNEY","9/12/2023","2:12 AM","300","101","Third party"
"2053889","GOSFORD","9/12/2023","10:12 AM","87","88","Environmental"
"2053894","PITTWATER","9/12/2023","11:12 AM","76","354","Environmental"
"2053899","AUBURN","9/12/2023","11:12 AM","1182","128","Equipment fault"
"2053909","SUTHERLAND","9/12/2023","12:12 PM","640","99","Equipment fault"
"2053913","CANTERBURY","9/12/2023","12:12 PM","64","310","Environmental"
"2053920","AUBURN","9/12/2023","12:12 PM","54","385","Environmental"
"2053927","GOSFORD","9/12/2023","12:12 PM","1680","141","Equipment fault"
"2053933","GOSFORD","9/12/2023","13:12 PM","75","257","Environmental"
"2053936","KOGARAH","9/12/2023","13:12 PM","1384","58","Equipment fault"
"2053946","CANTERBURY","9/12/2023","13:12 PM","1196","172","Equipment fault"
"2053963","LAKE MACQUARIE","9/12/2023","14:12 PM","1553","72","Equipment fault"
"2053993","AUBURN","9/12/2023","14:12 PM","1181","139","Environmental"
"2054015","WYONG","9/12/2023","15:12 PM","1827","991","Environmental"
"2054016","WYONG","9/12/2023","15:12 PM","1403","1,004","Environmental"
"2054072","KU-RING-GAI","9/12/2023","16:12 PM","1187","117","Environmental"
"2054025","WYONG","9/12/2023","17:12 PM","188","177","Environmental"
"2054093","BANKSTOWN","9/12/2023","17:12 PM","68","119","Environmental"
"2054116","NEWCASTLE","9/12/2023","18:12 PM","124","58","Environmental"
"2054126","GOSFORD","9/12/2023","18:12 PM","120","256","Environmental"
"2054132","WYONG","9/12/2023","18:12 PM","327","968","Environmental"
"2054136","WYONG","9/12/2023","19:12 PM","160","236","Lightning"
"2054158","NEWCASTLE","9/12/2023","19:12 PM","76","104","Environmental"
"2054225","CANTERBURY","9/12/2023","21:12 PM","76","186","Equipment fault"
"2054315","WYONG","9/12/2023","23:12 PM","330","134","Environmental"
"2054321","CANTERBURY","10/12/2023","0:12 AM","66","111","Environmental"
"2054340","CANTERBURY","10/12/2023","0:12 AM","56","138","Environmental"
"2054313","STRATHFIELD","10/12/2023","1:12 AM","71","591","Environmental"
"2054356","SUTHERLAND","10/12/2023","1:12 AM","57","59","Environmental"
"2054400","DRUMMOYNE","10/12/2023","6:12 AM","1767","88","Equipment fault"
"2054407","BURWOOD","10/12/2023","7:12 AM","52","342","Environmental"
"2054626","SOUTH SYDNEY","10/12/2023","17:12 PM","730","49","Equipment fault"
"2054633","BANKSTOWN","10/12/2023","18:12 PM","74","43","Environmental"
"2054644","RANDWICK","10/12/2023","20:12 PM","63","100","Environmental"
"2054472","LANE COVE","10/12/2023","22:12 PM","92","52","Environmental"
"2054668","LEICHHARDT","10/12/2023","23:12 PM","273","59","Equipment fault"
"2054671","GOSFORD","10/12/2023","23:12 PM","734","65","Environmental"
"2054679","HURSTVILLE","11/12/2023","4:12 AM","71","320","Environmental"
"2054756","RYDE","11/12/2023","9:12 AM","1222","40","Equipment fault"
"2054759","MAITLAND","11/12/2023","9:12 AM","2256","171","Environmental"
"2054808","HUNTERS HILL","11/12/2023","11:12 AM","81","321","Third party"
"2054822","WILLOUGHBY","11/12/2023","12:12 PM","62","78","Environmental"
"2054893","CANTERBURY","11/12/2023","15:12 PM","771","107","Equipment fault"
"2054921","AUBURN","11/12/2023","17:12 PM","71","291","Equipment fault"
"2054958","LAKE MACQUARIE","11/12/2023","20:12 PM","160","320","Equipment fault"
"2054980","GOSFORD","12/12/2023","2:12 AM","1256","104","Environmental"
"2055002","SYDNEY","12/12/2023","8:12 AM","2135","71","Equipment fault"
"2055066","WOOLLAHRA","12/12/2023","12:12 PM","1026","65","Equipment fault"
"2055109","WARRINGAH","12/12/2023","14:12 PM","1226","73","Equipment fault"
"2055180","AUBURN","12/12/2023","21:12 PM","685","104","Equipment fault"
"2055184","LAKE MACQUARIE","12/12/2023","22:12 PM","250","115","Environmental"
"2055197","SOUTH SYDNEY","12/12/2023","23:12 PM","2729","93","Equipment fault"
"2055307","PITTWATER","13/12/2023","11:12 AM","98","96","Equipment fault"
"2055362","BOTANY","13/12/2023","14:12 PM","640","53","Equipment fault"
"2055455","CANTERBURY","13/12/2023","21:12 PM","110","168","Equipment fault"
"2055459","ROCKDALE","13/12/2023","22:12 PM","255","115","Lightning"
"2055478","WARRINGAH","14/12/2023","4:12 AM","956","149","Equipment fault"
"2055485","GOSFORD","14/12/2023","5:12 AM","1359","137","Equipment fault"
"2055527","NEWCASTLE","14/12/2023","9:12 AM","2120","48","Equipment fault"
"2055540","SYDNEY","14/12/2023","10:12 AM","1202","104","Environmental"
"2055577","CESSNOCK","14/12/2023","12:12 PM","639","80","Environmental"
"2055580","WAVERLEY","14/12/2023","12:12 PM","81","191","Environmental"
"2055594","GOSFORD","14/12/2023","13:12 PM","306","48","Environmental"
"2055619","RANDWICK","14/12/2023","14:12 PM","117","216","Equipment fault"
"2055659","SCONE","14/12/2023","14:12 PM","297","316","Environmental"
"2055628","MUSWELLBROOK","14/12/2023","14:12 PM","526","184","Environmental"
"2055648","HORNSBY","14/12/2023","15:12 PM","103","137","Environmental"
"2055677","WYONG","14/12/2023","16:12 PM","1722","85","Equipment fault"
"2055666","GOSFORD","14/12/2023","16:12 PM","9515","53","Equipment fault"
"2055729","ASHFIELD","14/12/2023","17:12 PM","556","58","Equipment fault"
"2055751","SOUTH SYDNEY","14/12/2023","17:12 PM","213","63","Equipment fault"
"2055747","SUTHERLAND","14/12/2023","17:12 PM","57","353","Equipment fault"
"2055765","SOUTH SYDNEY","14/12/2023","17:12 PM","302","101","Equipment fault"
"2055772","KU-RING-GAI","14/12/2023","17:12 PM","1177","76","Equipment fault"
"2055766","CONCORD","14/12/2023","17:12 PM","78","365","Environmental"
"2055587","MUSWELLBROOK","14/12/2023","17:12 PM","61","42","Equipment fault"
"2055791","CESSNOCK","14/12/2023","18:12 PM","1518","605","Environmental"
"2055793","SOUTH SYDNEY","14/12/2023","18:12 PM","66","1,053","Third party"
"2055805","GOSFORD","14/12/2023","18:12 PM","2113","110","Environmental"
"2055806","GOSFORD","14/12/2023","18:12 PM","1105","153","Equipment fault"
"2055860","CONCORD","14/12/2023","18:12 PM","537","163","Equipment fault"
"2055740","SUTHERLAND","14/12/2023","19:12 PM","424","60","Equipment fault"
"2055894","SUTHERLAND","14/12/2023","20:12 PM","2452","92","Equipment fault"
"2055925","WARRINGAH","14/12/2023","20:12 PM","836","37","Environmental"
"2055988","HORNSBY","15/12/2023","0:12 AM","1289","65","Environmental"
"2060189","RANDWICK","15/12/2023","4:12 AM","99","401","Equipment fault"
"2055999","NEWCASTLE","15/12/2023","4:12 AM","91","210","Environmental"
"2056070","RYDE","15/12/2023","9:12 AM","75","34","Equipment fault"
"2056072","MOSMAN","15/12/2023","9:12 AM","62","417","Environmental"
"2055996","RANDWICK","15/12/2023","10:12 AM","63","10","Equipment fault"
"2056122","BANKSTOWN","15/12/2023","11:12 AM","563","114","Equipment fault"
"2055603","KOGARAH","15/12/2023","12:12 PM","105","178","Equipment fault"
"2056223","CESSNOCK","15/12/2023","16:12 PM","4959","105","Environmental"
"2056266","ROCKDALE","15/12/2023","16:12 PM","2457","59","Equipment fault"
"2056276","GOSFORD","15/12/2023","17:12 PM","746","88","Equipment fault"
"2056313","MARRICKVILLE","15/12/2023","21:12 PM","144","64","Equipment fault"
"2056316","SUTHERLAND","15/12/2023","22:12 PM","785","55","Equipment fault"
"2056328","SOUTH SYDNEY","16/12/2023","1:12 AM","650","54","Equipment fault"
"2056332","BOTANY","16/12/2023","4:12 AM","336","77","Equipment fault"
"2056333","WYONG","16/12/2023","4:12 AM","1713","83","Environmental"
"2056380","WYONG","16/12/2023","11:12 AM","245","109","Environmental"
"2056430","RANDWICK","16/12/2023","15:12 PM","1389","284","Environmental"
"2056463","GOSFORD","16/12/2023","16:12 PM","1137","174","Equipment fault"
"2056461","GOSFORD","16/12/2023","16:12 PM","856","105","Equipment fault"
"2056484","CANTERBURY","16/12/2023","17:12 PM","84","190","Equipment fault"
"2056518","RYDE","16/12/2023","21:12 PM","1020","30","Equipment fault"
"2056520","WARRINGAH","16/12/2023","22:12 PM","1693","183","Environmental"
"2056562","GOSFORD","17/12/2023","10:12 AM","92","74","Equipment fault"
"2056598","SYDNEY","17/12/2023","13:12 PM","90","382","Equipment fault"
"2056657","CANTERBURY","17/12/2023","20:12 PM","59","46","Operating fault"
"2056679","SYDNEY","18/12/2023","2:12 AM","1891","153","Equipment fault"
"2056761","HORNSBY","18/12/2023","9:12 AM","54","30","Environmental"
"2056913","SUTHERLAND","18/12/2023","21:12 PM","53","70","Environmental"
"2056931","WARRINGAH","18/12/2023","21:12 PM","2068","201","Equipment fault"
"2056934","WARRINGAH","18/12/2023","22:12 PM","3090","109","Environmental"
"2056940","AUBURN","18/12/2023","23:12 PM","236","120","Equipment fault"
"2056954","RANDWICK","19/12/2023","4:12 AM","1565","96","Equipment fault"
"2056955","WYONG","19/12/2023","4:12 AM","2554","126","Equipment fault"
"2057177","PORT STEPHENS","19/12/2023","15:12 PM","461","390","Equipment fault"
"2057174","PORT STEPHENS","19/12/2023","15:12 PM","1347","305","Environmental"
"2057202","PORT STEPHENS","19/12/2023","16:12 PM","401","533","Environmental"
"2057206","MAITLAND","19/12/2023","16:12 PM","344","332","Third party"
"2057212","SINGLETON","19/12/2023","16:12 PM","280","98","Environmental"
"2057297","WOOLLAHRA","19/12/2023","18:12 PM","72","104","Environmental"
"2057310","MERRIWA","19/12/2023","18:12 PM","157","267","Equipment fault"
"2057315","MUSWELLBROOK","19/12/2023","18:12 PM","111","365","Equipment fault"
"2057316","MUSWELLBROOK","19/12/2023","18:12 PM","93","236","Environmental"
"2057378","NEWCASTLE","19/12/2023","21:12 PM","609","374","Environmental"
"2057409","SOUTH SYDNEY","19/12/2023","23:12 PM","67","29","Equipment fault"
"2057417","SINGLETON","19/12/2023","23:12 PM","131","19","Equipment fault"
"2057469","WOOLLAHRA","20/12/2023","5:12 AM","92","128","Environmental"
"2057449","WYONG","20/12/2023","5:12 AM","1030","7","Equipment fault"
"2057529","CESSNOCK","20/12/2023","8:12 AM","665","67","Equipment fault"
"2057672","WAVERLEY","20/12/2023","12:12 PM","62","69","Equipment fault"
"2057680","SOUTH SYDNEY","20/12/2023","12:12 PM","224","297","Environmental"
"2057683","WARRINGAH","20/12/2023","12:12 PM","1729","125","Equipment fault"
"2057739","SOUTH SYDNEY","20/12/2023","14:12 PM","1425","142","Equipment fault"
"2057744","WARRINGAH","20/12/2023","14:12 PM","72","170","Equipment fault"
"2057453","PORT STEPHENS","20/12/2023","16:12 PM","82","77","Equipment fault"
"2057801","WARRINGAH","20/12/2023","16:12 PM","60","128","Equipment fault"
"2057802","MAITLAND","20/12/2023","16:12 PM","1533","5","Equipment fault"
"2057825","GOSFORD","20/12/2023","17:12 PM","957","46","Environmental"
"2057858","KU-RING-GAI","20/12/2023","21:12 PM","1076","80","Environmental"
"2057936","WARRINGAH","21/12/2023","9:12 AM","62","235","Equipment fault"
"2058071","MOSMAN","21/12/2023","11:12 AM","53","30","Equipment fault"
"2058074","WYONG","21/12/2023","11:12 AM","134","55","Environmental"
"2058121","PITTWATER","21/12/2023","12:12 PM","68","110","Environmental"
"2058152","CANTERBURY","21/12/2023","13:12 PM","66","116","Environmental"
"2058255","WARRINGAH","21/12/2023","19:12 PM","493","182","Equipment fault"
"2058271","WAVERLEY","21/12/2023","23:12 PM","66","126","Environmental"
"2058298","MAITLAND","22/12/2023","0:12 AM","171","80","Equipment fault"
"2058299","SUTHERLAND","22/12/2023","0:12 AM","728","77","Environmental"
"2058304","CANTERBURY","22/12/2023","5:12 AM","164","139","Environmental"
"2058367","SYDNEY","22/12/2023","9:12 AM","84","25","Equipment fault"
"2058377","SUTHERLAND","22/12/2023","10:12 AM","51","95","Environmental"
"2058417","LEICHHARDT","22/12/2023","13:12 PM","122","136","Customer installation"
"2061338","SYDNEY","22/12/2023","16:12 PM","84","13","Equipment fault"
"2058490","HORNSBY","22/12/2023","23:12 PM","597","95","Environmental"
"2058498","RYDE","23/12/2023","6:12 AM","52","187","Equipment fault"
"2058503","ASHFIELD","23/12/2023","7:12 AM","1136","53","Equipment fault"
"2058628","MUSWELLBROOK","24/12/2023","8:12 AM","1161","28","Equipment fault"
"2058662","LAKE MACQUARIE","24/12/2023","12:12 PM","445","113","Environmental"
"2058689","WARRINGAH","24/12/2023","13:12 PM","2070","89","Equipment fault"
"2058750","LEICHHARDT","24/12/2023","18:12 PM","57","385","Equipment fault"
"2058800","SUTHERLAND","25/12/2023","3:12 AM","2674","75","Environmental"
"2058850","GOSFORD","25/12/2023","13:12 PM","1517","71","Environmental"
"2058877","CANTERBURY","25/12/2023","14:12 PM","56","52","Environmental"
"2058979","SINGLETON","25/12/2023","17:12 PM","96","1,680","Equipment fault"
"2058914","LAKE MACQUARIE","25/12/2023","19:12 PM","1223","112","Lightning"
"2058889","SINGLETON","25/12/2023","19:12 PM","401","230","Equipment fault"
"2058940","NEWCASTLE","25/12/2023","21:12 PM","144","148","Lightning"
"2058942","LAKE MACQUARIE","25/12/2023","21:12 PM","936","171","Lightning"
"2058944","LAKE MACQUARIE","25/12/2023","21:12 PM","788","197","Lightning"
"2058943","PITTWATER","25/12/2023","21:12 PM","64","148","Environmental"
"2058977","BANKSTOWN","26/12/2023","1:12 AM","373","104","Equipment fault"
"2059030","PITTWATER","26/12/2023","10:12 AM","64","101","Environmental"
"2059055","WYONG","26/12/2023","12:12 PM","1365","100","Environmental"
"2058911","NORTH SYDNEY","26/12/2023","16:12 PM","95","249","Customer installation"
"2059093","STRATHFIELD","26/12/2023","16:12 PM","1394","109","Equipment fault"
"2059110","LEICHHARDT","26/12/2023","17:12 PM","81","341","Equipment fault"
"2059112","NEWCASTLE","26/12/2023","17:12 PM","64","623","Equipment fault"
"2059094","WAVERLEY","26/12/2023","18:12 PM","78","65","Environmental"
"2059230","GOSFORD","27/12/2023","12:12 PM","1516","3","Environmental"
"2059247","BANKSTOWN","27/12/2023","14:12 PM","3200","82","Lightning"
"2059253","SUTHERLAND","27/12/2023","14:12 PM","1354","66","Lightning"
"2059267","SUTHERLAND","27/12/2023","14:12 PM","1115","48","Lightning"
"2059263","WOOLLAHRA","27/12/2023","14:12 PM","99","58","Environmental"
"2059322","CESSNOCK","27/12/2023","17:12 PM","123","8","Equipment fault"
"2059608","SINGLETON","29/12/2023","13:12 PM","274","253","Lightning"
"2059619","CESSNOCK","29/12/2023","13:12 PM","1441","131","Lightning"
"2059617","SINGLETON","29/12/2023","14:12 PM","510","43","Environmental"
"2059628","MAITLAND","29/12/2023","14:12 PM","1261","113","Lightning"
"2059634","NEWCASTLE","29/12/2023","14:12 PM","113","278","Lightning"
"2059597","GOSFORD","29/12/2023","18:12 PM","69","29","Equipment fault"
"2059710","KU-RING-GAI","29/12/2023","18:12 PM","65","55","Equipment fault"
"2059744","NEWCASTLE","30/12/2023","0:12 AM","136","54","Equipment fault"
"2059804","SUTHERLAND","30/12/2023","13:12 PM","78","134","Environmental"
"2059822","WYONG","30/12/2023","15:12 PM","396","80","Environmental"
"2059861","PORT STEPHENS","30/12/2023","23:12 PM","688","875","Environmental"
"2059871","WARRINGAH","31/12/2023","1:12 AM","69","328","Equipment fault"
"2059879","RANDWICK","31/12/2023","2:12 AM","165","182","Equipment fault"
